{
  "n_records": 600,
  "models": [
    "gemini-2.5-flash",
    "gemini-2.5-pro",
    "gemini-3-flash-preview"
  ],
  "capable_models": [
    "gemini-2.5-flash",
    "gemini-2.5-pro",
    "gemini-3-flash-preview"
  ],
  "per_model": {
    "gemini-2.5-flash": {
      "n": 100,
      "full_rate": 0.24,
      "oracle_rate": 0.1,
      "no_analysis_rate": 0.12,
      "tni": 0.15555555555555553,
      "analysis_value": 0.12,
      "p_full_vs_oracle": 0.006899310068993101,
      "p_full_vs_no_anal": 0.019998000199980003,
      "full_ci": [
        0.16,
        0.32
      ],
      "oracle_ci": [
        0.05,
        0.16
      ],
      "tni_ci": [
        0.04545454545454546,
        0.2608695652173913
      ]
    },
    "gemini-2.5-pro": {
      "n": 30,
      "full_rate": 0.16666666666666666,
      "oracle_rate": 0.03333333333333333,
      "no_analysis_rate": 0.0,
      "tni": 0.13793103448275862,
      "analysis_value": 0.16666666666666666,
      "p_full_vs_oracle": 0.09449055094490551,
      "p_full_vs_no_anal": 0.0268973102689731,
      "full_ci": [
        0.03333333333333333,
        0.3
      ],
      "oracle_ci": [
        0.0,
        0.1
      ],
      "tni_ci": [
        0.0,
        0.3
      ]
    },
    "gemini-3-flash-preview": {
      "n": 70,
      "full_rate": 0.7,
      "oracle_rate": 0.32857142857142857,
      "no_analysis_rate": 0.5714285714285714,
      "tni": 0.553191489361702,
      "analysis_value": 0.12857142857142856,
      "p_full_vs_oracle": 9.999000099990002e-05,
      "p_full_vs_no_anal": 0.08249175082491751,
      "full_ci": [
        0.5857142857142857,
        0.8
      ],
      "oracle_ci": [
        0.21428571428571427,
        0.44285714285714284
      ],
      "tni_ci": [
        0.36111111111111105,
        0.7142857142857143
      ]
    }
  },
  "pooled": {
    "n_full": 200,
    "tni": 0.26506024096385544,
    "tni_ci": [
      0.16981132075471703,
      0.3563218390804598
    ],
    "tni_significant": true
  }
}